{
    "loss": 0.8094483613967896,
    "accuracy": 0.8489208817481995
}